Name,age,maths,science,english,Total,average,result
DBOSS,40,90,80,98,268,89.33333333333333,pass
Sudeep,48,95,61,69,225,75.0,pass
yash,45,80,55,65,200,66.66666666666667,pass
dhanveer,35,82,55,65,202,67.33333333333333,pass
druva,39,60,80,85,225,75.0,pass
ravi,60,78,95,60,233,77.66666666666667,pass
